{"/flowerfront/ower/unreceipt.apc":"/UI2/flowerfront/ower/unreceipt.w","/flowerfront/ower/unreceipt.amobile":"/UI2/flowerfront/ower/unreceipt.w","/flowerfront/buy/confirmorder.apc":"/UI2/flowerfront/buy/confirmorder.w","/flowerfront/buy/confirmorder.amobile":"/UI2/flowerfront/buy/confirmorder.w","/flowerfront/ower/register.apc":"/UI2/flowerfront/ower/register.w","/flowerfront/ower/register.amobile":"/UI2/flowerfront/ower/register.w","/flowerfront/ower/unpay.apc":"/UI2/flowerfront/ower/unpay.w","/flowerfront/ower/unpay.amobile":"/UI2/flowerfront/ower/unpay.w","/flowerfront/ower/ower.apc":"/UI2/flowerfront/ower/ower.w","/flowerfront/ower/ower.amobile":"/UI2/flowerfront/ower/ower.w","/flowerfront/product/productlist.apc":"/UI2/flowerfront/product/productlist.w","/flowerfront/product/productlist.amobile":"/UI2/flowerfront/product/productlist.w","/flowerfront/ower/mycollection.apc":"/UI2/flowerfront/ower/mycollection.w","/flowerfront/ower/mycollection.amobile":"/UI2/flowerfront/ower/mycollection.w","/flowerfront/ower/formaddress.apc":"/UI2/flowerfront/ower/formaddress.w","/flowerfront/ower/formaddress.amobile":"/UI2/flowerfront/ower/formaddress.w","/flowerfront/buy/buycar.apc":"/UI2/flowerfront/buy/buycar.w","/flowerfront/buy/buycar.amobile":"/UI2/flowerfront/buy/buycar.w","/flowerfront/ower/express.apc":"/UI2/flowerfront/ower/express.w","/flowerfront/ower/express.amobile":"/UI2/flowerfront/ower/express.w","/flowerfront/ower/undeliver.apc":"/UI2/flowerfront/ower/undeliver.w","/flowerfront/ower/undeliver.amobile":"/UI2/flowerfront/ower/undeliver.w","/flowerfront/index.apc":"/UI2/flowerfront/index.w","/flowerfront/index.amobile":"/UI2/flowerfront/index.w","/flowerfront/ower/comment.apc":"/UI2/flowerfront/ower/comment.w","/flowerfront/ower/comment.amobile":"/UI2/flowerfront/ower/comment.w","/flowerfront/ower/uncomment.apc":"/UI2/flowerfront/ower/uncomment.w","/flowerfront/ower/uncomment.amobile":"/UI2/flowerfront/ower/uncomment.w","/flowerfront/topsale/topsale.apc":"/UI2/flowerfront/topsale/topsale.w","/flowerfront/topsale/topsale.amobile":"/UI2/flowerfront/topsale/topsale.w","/flowerfront/main.apc":"/UI2/flowerfront/main.w","/flowerfront/main.amobile":"/UI2/flowerfront/main.w","/flowerfront/ower/receiptaddress.apc":"/UI2/flowerfront/ower/receiptaddress.w","/flowerfront/ower/receiptaddress.amobile":"/UI2/flowerfront/ower/receiptaddress.w","/flowerfront/product/productdetail.apc":"/UI2/flowerfront/product/productdetail.w","/flowerfront/product/productdetail.amobile":"/UI2/flowerfront/product/productdetail.w","/flowerfront/product/product.apc":"/UI2/flowerfront/product/product.w","/flowerfront/product/product.amobile":"/UI2/flowerfront/product/product.w","end":1}